<?xml version="1.0" encoding="utf-8" ?>
<LinearLayout xmlns:android="http://schemas.android.com/apk/res/android" android:gravity="center" android:layout_gravity="center" android:orientation="vertical" android:background="@drawable/back2" android:layout_width="fill_parent" android:layout_height="fill_parent" android:layout_margin="5.0dip">
	<LinearLayout android:gravity="center" android:layout_gravity="center" android:orientation="horizontal" android:layout_width="fill_parent" android:layout_height="wrap_content">
		<LinearLayout android:gravity="center" android:layout_gravity="center" android:orientation="vertical" android:layout_width="wrap_content" android:layout_height="wrap_content" android:layout_marginRight="10.0dip">
			<com.DeveloperZonic.prev android:background="@null" android:layout_width="80.0dip" android:layout_height="32.0dip" android:layout_margin="0.0dip" />
			<com.DeveloperZonic.WarriorRakker.MarjoTech android:textSize="10.0sp" android:typeface="monospace" android:textColor="#ffffffff" android:ellipsize="marquee" android:gravity="center" android:layout_gravity="center" android:background="#00000000" android:focusable="true" android:focusableInTouchMode="true" android:layout_width="wrap_content" android:layout_height="wrap_content" android:text=" Previous " android:scrollHorizontally="true" android:singleLine="true" android:freezesText="false" android:layout_alignParentTop="true" android:marqueeRepeatLimit="marquee_forever" />
		</LinearLayout>
		<LinearLayout android:gravity="center" android:layout_gravity="center" android:orientation="vertical" android:layout_width="wrap_content" android:layout_height="wrap_content">
			<com.DeveloperZonic.play android:background="@null" android:layout_width="101.0dip" android:layout_height="50.0dip" android:layout_margin="0.0dip" />
			<com.DeveloperZonic.WarriorRakker.MarjoTech android:textSize="10.0sp" android:typeface="monospace" android:textColor="#ffff0000" android:ellipsize="marquee" android:gravity="center" android:layout_gravity="center" android:background="#00000000" android:focusable="true" android:focusableInTouchMode="true" android:layout_width="wrap_content" android:layout_height="wrap_content" android:text=" Play | Stop " android:scrollHorizontally="true" android:singleLine="true" android:freezesText="false" android:layout_alignParentTop="true" android:marqueeRepeatLimit="marquee_forever" />
		</LinearLayout>
		<LinearLayout android:gravity="center" android:layout_gravity="center" android:orientation="vertical" android:layout_width="wrap_content" android:layout_height="wrap_content" android:layout_marginLeft="10.0dip">
			<com.DeveloperZonic.next android:background="@null" android:layout_width="80.0dip" android:layout_height="32.0dip" android:layout_margin="0.0dip" />
			<com.DeveloperZonic.WarriorRakker.MarjoTech android:textSize="10.0sp" android:typeface="monospace" android:textColor="#ffffffff" android:ellipsize="marquee" android:gravity="center" android:layout_gravity="center" android:background="#00000000" android:focusable="true" android:focusableInTouchMode="true" android:layout_width="wrap_content" android:layout_height="wrap_content" android:text=" Next " android:scrollHorizontally="true" android:singleLine="true" android:freezesText="false" android:layout_alignParentTop="true" android:marqueeRepeatLimit="marquee_forever" />
		</LinearLayout>
	</LinearLayout>
	<TextView android:textSize="12.0sp" android:textStyle="italic" android:textColor="#ff18ffff" android:id="@id/zon1" android:layout_width="fill_parent" android:layout_height="wrap_content" android:layout_marginLeft="10.0dip" android:layout_marginRight="10.0dip" android:text="inamo" android:singleLine="true" />
	<RelativeLayout android:gravity="center" android:background="@drawable/mp3_box" android:layout_width="wrap_content" android:layout_height="25.0dip" android:layout_marginLeft="5.0dip" android:layout_marginTop="5.0dip" android:layout_marginRight="5.0dip">
		<LinearLayout android:gravity="center" android:orientation="vertical" android:layout_width="fill_parent" android:layout_height="25.0dip">
			<com.DeveloperZonic.volume android:layout_width="260.0dip" android:layout_height="26.0dip" android:layout_marginLeft="5.0dip" android:layout_marginRight="5.0dip" android:progressDrawable="@drawable/volume_seekbar" android:thumb="@drawable/blank" />
		</LinearLayout>
		<com.DeveloperZonic.WarriorRakker.MarjoTech android:textSize="15.0sp" android:gravity="center" android:background="@drawable/max" android:layout_width="15.0dip" android:layout_height="22.0dip" android:layout_marginLeft="10.0dip" android:layout_marginTop="2.0dip" />
		<com.DeveloperZonic.WarriorRakker.MarjoTech android:gravity="center" android:background="@drawable/min" android:layout_width="15.0dip" android:layout_height="15.0dip" android:layout_marginTop="2.0dip" android:layout_marginRight="10.0dip" android:layout_alignParentRight="true" />
	</RelativeLayout>
</LinearLayout>
