<?xml version="1.0" encoding="utf-8" ?>
<selector xmlns:android="http://schemas.android.com/apk/res/android">
	<item>
		<shape>
			<gradient android:startColor="#d7431bff" android:endColor="#d0000000" android:angle="90.0" />
			<corners android:topLeftRadius="20.0dip" android:topRightRadius="20.0dip" />
			<stroke android:width="1.0dip" android:color="#ff00f8ff" />
			<padding android:left="1.0dip" android:top="5.0dip" android:right="1.0dip" android:bottom="5.0dip" />
		</shape>
	</item>
</selector>
